id,firstName,lastName,email,gender,contactNo,country,dob,age
1,Truda,Cahan,tcahan0@xinhuanet.com,Female,506-108-7773,China,01/05/2001,60
2,Janey,Schoffel,jschoffel1@wisc.edu,Female,716-626-1084,Japan,3/31/2016,22
3,Quincy,Hansana,qhansana2@oracle.com,Male,853-785-2314,Portugal,9/28/2005,98
4,Margarette,Greenrod,mgreenrod3@chicagotribune.com,Female,911-424-3500,Peru,12/02/2019,27
5,Erminie,Fortnum,efortnum4@ustream.tv,Female,913-708-6039,Guyana,03/06/2002,29
6,Cyndie,Siaspinski,csiaspinski5@discuz.net,Female,279-842-5440,China,03/08/2012,36
7,Drusilla,Etheredge,detheredge6@nationalgeographic.com,Female,409-725-2578,Colombia,05/06/2014,70
8,Myrah,Davidofski,mdavidofski7@about.com,Female,811-739-2181,China,10/26/2006,77
9,Rosemarie,Iannelli,riannelli8@icq.com,Female,770-415-7996,Venezuela,3/29/1996,85
10,Griff,Bouldstridge,gbouldstridge9@eventbrite.com,Male,296-358-9767,Mauritania,05/05/2008,58
11,Peta,Friedlos,pfriedlosa@mail.ru,Female,892-349-0426,Portugal,12/20/1994,vnby4
12,Gerianna,Barbera,gbarberab@ning.com,Female,959-693-3764,Japan,9/18/1991,72
13,Selby,Palfreman,spalfremanc@youku.com,Male,662-375-8690,Philippines,07/09/2005,73
14,Alvinia,Pillifant,apillifantd@deviantart.com,Female,967-729-2595,Russia,3/24/2004,65
15,Kinna,Simione,ksimionee@ning.com,Female,305-203-0936,Venezuela,9/20/2012,85
16,Desmund,Caldecot,dcaldecotf@blogger.com,Male,883-122-1043,El Salvador,11/04/2017,89
17,Mic,Cloonan,mcloonang@wisc.edu,Male,849-587-4062,Yemen,1/20/1991,73
18,Lawton,Andersch,landerschh@opensource.org,Male,529-898-6409,Russia,10/19/2020,
19,Jobyna,Van,jvani@vimeo.com,Female,919-850-8135,China,12/23/1991,82
20,Filide,Swayland,fswaylandj@over-blog.com,Female,904-397-6549,China,06/10/2000,17